,"==IF(AND(D9>4807,D5=1,D4>8),""CONSULT RUBADUE ENGINEERING WITH RESPECT TO THIS CONSTRUCTION."","""")",,,,,,,,,,,,,,,,,,,,Select Type
,Construction Details,,,,Litz DC Resistance (IEC Method),,,Take Up Factors - DCR Resistance:,,,,,,,,,,,,,Type 1
,Total Wires:,,200.0,,,Take Up Factor (DCR):,"==IF(D5="""","""",IF(D3<26,K3,IF(D5=1,K4,IF(D5=2,K5,K6))))",Up to 25 Wires:,,1.02,,,,,,,,,,,Type 2
,Wire AWG:,,36.0,,,Wire Max DCR:,"==IFERROR(INDEX('Magnet Wire'!$A$3:$E$41,MATCH(D4,'Magnet Wire'!$A$3:$A$41,0),MATCH(""MAX DCR"",'Magnet Wire'!$A$2:$E$2,0)),"""")",More than 25 Wires:,,1.051,if 1 operation,,,,,,,,,,
,,Number of Operations:,==H33,,Max DCR at 20°C (Ω/FT):,,"==IFERROR(((H4/D3)*H3)/1000,"""")",,,1.071,if 2 operations,,,,,,,,,,
,,Litz Type:,Type 1,,Max DCR at 20°C (Ω/mtr):,,"==IFERROR(H5/0.3048,"""")",,,1.092,if 3+ operations,,,,,,,,,,
,Packing Factor (OD):,,"==IF(D6="""",""SELECT LITZ TYPE"",IF(D6=""Type 1"",VLOOKUP(D5,TYPE1,4,0),IF(AND(D5=4,D6=""TYPE 2"",D4<44),1.363,VLOOKUP(D5,TYPE2,4,0))))","==IF(AND(D5>3,D6=""Type 1""),""PLEASE CONSULT RUBADUE ENGINEERING FOR TYPE 1 LITZ CONSTRUCTIONS REQUIRING 4+ OPERATIONS."","""")",,,,,,,,,,,,,,,,,
,Take Up Factor (WT):,,"==IF(D6="""",""SELECT LITZ TYPE"",IF(D6=""Type 1"",VLOOKUP(D5,TYPE1,5,0),VLOOKUP(D5,TYPE2,5,0)))","==IF(AND(D5>3,D6=""Type 1""),""PLEASE CONSULT RUBADUE ENGINEERING FOR TYPE 1 LITZ CONSTRUCTIONS REQUIRING 4+ OPERATIONS."","""")",,,,,,,,,,,,Possible Litz Constructions,Single Wire Size,Packing Factor,Take Up Factor,,
,Total Copper Area (CMA),,"==IFERROR(INDEX('Magnet Wire'!$A$3:$E$41,MATCH(D4,'Magnet Wire'!$A$3:$A$41,0),MATCH(""CMA SOLID"",'Magnet Wire'!$A$2:$E$2,0))*$D$3,"""")",,EQUIVALENT AWG,,,"==""Default Litz Construction - ""&D6",,,,,,,,n/##,50 - 20 AWG,1.155,1.01,,
,Total Copper Area (mm2),,"==IFERROR($D$9*0.000506707,"""")",,"==IFERROR(IF((INDEX('AWG Reference'!$F$5:$H$64,MATCH(D9,'AWG Reference'!$H$5:$H$64,-1),1)+1)>50,"""",(INDEX('AWG Reference'!$F$5:$H$64,MATCH(D9,'AWG Reference'!$H$5:$H$64,-1),1)+1)&"" AWG""),"""")",,,"==IF(H33=1,Q25,IF(D6=""Type 1"",VLOOKUP(D5,P25:Q27,2,0),VLOOKUP(D5,P28:Q32,2,0)))",,,,"==VLOOKUP(D4,MAXENDS,2,0)",,,,n/n/## or n/n/n/##,50 - 33 AWG,1.155,,,
,"==IF(AND(D9>4807,D5=1,D4>8),""CONSULT RUBADUE ENGINEERING WITH RESPECT TO THIS CONSTRUCTION."","""")",,,,,,,,,,,,,,,5xn/## or 3xn/##,50 - 20 AWG,1.236,1.03,,
,Possible,Possible,Possible,Possible,Possible,Possible,Requested,Possible,Possible,Possible,Possible,Possible,,,,5xn/n/## or 3xn/n/##,50 - 33 AWG,1.236,,,
,# of strands,# of strands,# of strands,# of strands,# of strands,# of strands,# of strands,# of strands,# of strands,# of strands,# of strands,# of strands,,,,5x5xn/## or 5x3xn/##,50 - 44 AWG,1.271,1.051,,
Total # of strands,==C14-5,==D14-5,==E14-5,==F14-5,==G14-5,"==IF(MOD(H14,5)=0,H14-5,ROUNDDOWN(H14,-1)+5)",==D3,"==IF(MOD(H14,5)=0,H14+5,ROUNDUP(H14,-1))","==IF(MOD(I14,5)=0,I14+5,ROUNDUP(I14,-1))",==J14+5,==K14+5,==L14+5,,,,,43 - 33 AWG,1.328,,,
Divisible by 5?,"==IFERROR(MOD(B14,5)=0,"""")","==IFERROR(MOD(C14,5)=0,"""")","==IFERROR(MOD(D14,5)=0,"""")","==IFERROR(MOD(E14,5)=0,"""")","==IFERROR(MOD(F14,5)=0,"""")","==IFERROR(MOD(G14,5)=0,"""")","==IFERROR(MOD(H14,5)=0,"""")","==IFERROR(MOD(I14,5)=0,"""")","==IFERROR(MOD(J14,5)=0,"""")","==IFERROR(MOD(K14,5)=0,"""")","==IFERROR(MOD(L14,5)=0,"""")","==IFERROR(MOD(M14,5)=0,"""")",,,,,32 - 20 AWG,1.398,,,
Divisible by 3?,"==MOD(B14,3)=0","==MOD(C14,3)=0","==MOD(D14,3)=0","==MOD(E14,3)=0","==MOD(F14,3)=0","==MOD(G14,3)=0","==MOD(H14,3)=0","==MOD(I14,3)=0","==MOD(J14,3)=0","==MOD(K14,3)=0","==MOD(L14,3)=0","==MOD(M14,3)=0",,,,5x5xn/n/## or 5x3xn/n/##,50 - 44 AWG,1.271,1.051,,
Divisible by 4?,"==MOD(B14,4)=0","==MOD(C14,4)=0","==MOD(D14,4)=0","==MOD(E14,4)=0","==MOD(F14,4)=0","==MOD(G14,4)=0","==MOD(H14,4)=0","==MOD(I14,4)=0","==MOD(J14,4)=0","==MOD(K14,4)=0","==MOD(L14,4)=0","==MOD(M14,4)=0",,,,,43 - 33 AWG,1.363,,,
# of strands in 2nd to last operation,"==IF($D4<49,IF(B14>NOOFENDSMAX,IF(B15=TRUE,B14/5,IF(B16=TRUE,B14/3,IF(B17=TRUE,B14/4,""N/A""))),""N/A""),IF(B14<21,""N/A"",IF(AND(B15=TRUE,B14/5>9),B14/5,IF(AND(B16=TRUE,B14/3>9),B14/3,IF(AND(B17=TRUE,B14/4>9),B14/4,""N/A"")))))","==IF($D4<49,IF(C14>NOOFENDSMAX,IF(C15=TRUE,C14/5,IF(C16=TRUE,C14/3,IF(C17=TRUE,C14/4,""N/A""))),""N/A""),IF(C14<21,""N/A"",IF(AND(C15=TRUE,C14/5>9),C14/5,IF(AND(C16=TRUE,C14/3>9),C14/3,IF(AND(C17=TRUE,C14/4>9),C14/4,""N/A"")))))","==IF($D4<49,IF(D14>NOOFENDSMAX,IF(D15=TRUE,D14/5,IF(D16=TRUE,D14/3,IF(D17=TRUE,D14/4,""N/A""))),""N/A""),IF(D14<21,""N/A"",IF(AND(D15=TRUE,D14/5>9),D14/5,IF(AND(D16=TRUE,D14/3>9),D14/3,IF(AND(D17=TRUE,D14/4>9),D14/4,""N/A"")))))","==IF($D4<49,IF(E14>NOOFENDSMAX,IF(E15=TRUE,E14/5,IF(E16=TRUE,E14/3,IF(E17=TRUE,E14/4,""N/A""))),""N/A""),IF(E14<21,""N/A"",IF(AND(E15=TRUE,E14/5>9),E14/5,IF(AND(E16=TRUE,E14/3>9),E14/3,IF(AND(E17=TRUE,E14/4>9),E14/4,""N/A"")))))","==IF($D4<49,IF(F14>NOOFENDSMAX,IF(F15=TRUE,F14/5,IF(F16=TRUE,F14/3,IF(F17=TRUE,F14/4,""N/A""))),""N/A""),IF(F14<21,""N/A"",IF(AND(F15=TRUE,F14/5>9),F14/5,IF(AND(F16=TRUE,F14/3>9),F14/3,IF(AND(F17=TRUE,F14/4>9),F14/4,""N/A"")))))","==IF($D4<49,IF(G14>NOOFENDSMAX,IF(G15=TRUE,G14/5,IF(G16=TRUE,G14/3,IF(G17=TRUE,G14/4,""N/A""))),""N/A""),IF(G14<21,""N/A"",IF(AND(G15=TRUE,G14/5>9),G14/5,IF(AND(G16=TRUE,G14/3>9),G14/3,IF(AND(G17=TRUE,G14/4>9),G14/4,""N/A"")))))","==IF($D4<49,IF(H14>NOOFENDSMAX,IF(H15=TRUE,H14/5,IF(H16=TRUE,H14/3,IF(H17=TRUE,H14/4,""N/A""))),""N/A""),IF(H14<21,""N/A"",IF(AND(H15=TRUE,H14/5>9),H14/5,IF(AND(H16=TRUE,H14/3>9),H14/3,IF(AND(H17=TRUE,H14/4>9),H14/4,""N/A"")))))","==IF($D4<49,IF(I14>NOOFENDSMAX,IF(I15=TRUE,I14/5,IF(I16=TRUE,I14/3,IF(I17=TRUE,I14/4,""N/A""))),""N/A""),IF(I14<21,""N/A"",IF(AND(I15=TRUE,I14/5>9),I14/5,IF(AND(I16=TRUE,I14/3>9),I14/3,IF(AND(I17=TRUE,I14/4>9),I14/4,""N/A"")))))","==IF($D4<49,IF(J14>NOOFENDSMAX,IF(J15=TRUE,J14/5,IF(J16=TRUE,J14/3,IF(J17=TRUE,J14/4,""N/A""))),""N/A""),IF(J14<21,""N/A"",IF(AND(J15=TRUE,J14/5>9),J14/5,IF(AND(J16=TRUE,J14/3>9),J14/3,IF(AND(J17=TRUE,J14/4>9),J14/4,""N/A"")))))","==IF($D4<49,IF(K14>NOOFENDSMAX,IF(K15=TRUE,K14/5,IF(K16=TRUE,K14/3,IF(K17=TRUE,K14/4,""N/A""))),""N/A""),IF(K14<21,""N/A"",IF(AND(K15=TRUE,K14/5>9),K14/5,IF(AND(K16=TRUE,K14/3>9),K14/3,IF(AND(K17=TRUE,K14/4>9),K14/4,""N/A"")))))","==IF($D4<49,IF(L14>NOOFENDSMAX,IF(L15=TRUE,L14/5,IF(L16=TRUE,L14/3,IF(L17=TRUE,L14/4,""N/A""))),""N/A""),IF(L14<21,""N/A"",IF(AND(L15=TRUE,L14/5>9),L14/5,IF(AND(L16=TRUE,L14/3>9),L14/3,IF(AND(L17=TRUE,L14/4>9),L14/4,""N/A"")))))","==IF($D4<49,IF(M14>NOOFENDSMAX,IF(M15=TRUE,M14/5,IF(M16=TRUE,M14/3,IF(M17=TRUE,M14/4,""N/A""))),""N/A""),IF(M14<21,""N/A"",IF(AND(M15=TRUE,M14/5>9),M14/5,IF(AND(M16=TRUE,M14/3>9),M14/3,IF(AND(M17=TRUE,M14/4>9),M14/4,""N/A"")))))",,,,5x5x5xn/## or 5x5x3xn/##,50 - 44 AWG,1.271,1.082,,
Divisible by 5?,"==IF(B18=""N/A"","""",IFERROR(MOD(B18,5)=0,""""))","==IF(C18=""N/A"","""",IFERROR(MOD(C18,5)=0,""""))","==IF(D18=""N/A"","""",IFERROR(MOD(D18,5)=0,""""))","==IF(E18=""N/A"","""",IFERROR(MOD(E18,5)=0,""""))","==IF(F18=""N/A"","""",IFERROR(MOD(F18,5)=0,""""))","==IF(G18=""N/A"","""",IFERROR(MOD(G18,5)=0,""""))","==IF(H18=""N/A"","""",IFERROR(MOD(H18,5)=0,""""))","==IF(I18=""N/A"","""",IFERROR(MOD(I18,5)=0,""""))","==IF(J18=""N/A"","""",IFERROR(MOD(J18,5)=0,""""))","==IF(K18=""N/A"","""",IFERROR(MOD(K18,5)=0,""""))","==IF(L18=""N/A"","""",IFERROR(MOD(L18,5)=0,""""))","==IF(M18=""N/A"","""",IFERROR(MOD(M18,5)=0,""""))",,,,,43 - 33 AWG,1.363,,,
Divisible by 3?,"==IF(B18=""N/A"","""",MOD(B18,3)=0)","==IF(C18=""N/A"","""",MOD(C18,3)=0)","==IF(D18=""N/A"","""",MOD(D18,3)=0)","==IF(E18=""N/A"","""",MOD(E18,3)=0)","==IF(F18=""N/A"","""",MOD(F18,3)=0)","==IF(G18=""N/A"","""",MOD(G18,3)=0)","==IF(H18=""N/A"","""",MOD(H18,3)=0)","==IF(I18=""N/A"","""",MOD(I18,3)=0)","==IF(J18=""N/A"","""",MOD(J18,3)=0)","==IF(K18=""N/A"","""",MOD(K18,3)=0)","==IF(L18=""N/A"","""",MOD(L18,3)=0)","==IF(M18=""N/A"","""",MOD(M18,3)=0)",,,,,32 - 20 AWG,1.536,,,
Divisible by 4?,"==IF(B18=""N/A"","""",MOD(B18,4)=0)","==IF(C18=""N/A"","""",MOD(C18,4)=0)","==IF(D18=""N/A"","""",MOD(D18,4)=0)","==IF(E18=""N/A"","""",MOD(E18,4)=0)","==IF(F18=""N/A"","""",MOD(F18,4)=0)","==IF(G18=""N/A"","""",MOD(G18,4)=0)","==IF(H18=""N/A"","""",MOD(H18,4)=0)","==IF(I18=""N/A"","""",MOD(I18,4)=0)","==IF(J18=""N/A"","""",MOD(J18,4)=0)","==IF(K18=""N/A"","""",MOD(K18,4)=0)","==IF(L18=""N/A"","""",MOD(L18,4)=0)","==IF(M18=""N/A"","""",MOD(M18,4)=0)",,,,5x5x5xn/n/## or 5x5x3xn/n/##,50 - 33 AWG,1.363,,,
# of strands in 3rd to last operation,"==IF(B18=""N/A"",""N/A"",IF($D4<49,IF(B18>NOOFENDSMAX,IF(B19=TRUE,B18/5,IF(B20=TRUE,B18/3,IF(B21=TRUE,B18/4,""N/A""))),""N/A""),IF(B18<21,""N/A"",IF(AND(B19=TRUE,B18/5>9),B18/5,IF(AND(B20=TRUE,B18/3>9),B18/3,IF(AND(B21=TRUE,B18/4>9),B18/4,""N/A""))))))","==IF(C18=""N/A"",""N/A"",IF($D4<49,IF(C18>NOOFENDSMAX,IF(C19=TRUE,C18/5,IF(C20=TRUE,C18/3,IF(C21=TRUE,C18/4,""N/A""))),""N/A""),IF(C18<21,""N/A"",IF(AND(C19=TRUE,C18/5>9),C18/5,IF(AND(C20=TRUE,C18/3>9),C18/3,IF(AND(C21=TRUE,C18/4>9),C18/4,""N/A""))))))","==IF(D18=""N/A"",""N/A"",IF($D4<49,IF(D18>NOOFENDSMAX,IF(D19=TRUE,D18/5,IF(D20=TRUE,D18/3,IF(D21=TRUE,D18/4,""N/A""))),""N/A""),IF(D18<21,""N/A"",IF(AND(D19=TRUE,D18/5>9),D18/5,IF(AND(D20=TRUE,D18/3>9),D18/3,IF(AND(D21=TRUE,D18/4>9),D18/4,""N/A""))))))","==IF(E18=""N/A"",""N/A"",IF($D4<49,IF(E18>NOOFENDSMAX,IF(E19=TRUE,E18/5,IF(E20=TRUE,E18/3,IF(E21=TRUE,E18/4,""N/A""))),""N/A""),IF(E18<21,""N/A"",IF(AND(E19=TRUE,E18/5>9),E18/5,IF(AND(E20=TRUE,E18/3>9),E18/3,IF(AND(E21=TRUE,E18/4>9),E18/4,""N/A""))))))","==IF(F18=""N/A"",""N/A"",IF($D4<49,IF(F18>NOOFENDSMAX,IF(F19=TRUE,F18/5,IF(F20=TRUE,F18/3,IF(F21=TRUE,F18/4,""N/A""))),""N/A""),IF(F18<21,""N/A"",IF(AND(F19=TRUE,F18/5>9),F18/5,IF(AND(F20=TRUE,F18/3>9),F18/3,IF(AND(F21=TRUE,F18/4>9),F18/4,""N/A""))))))","==IF(G18=""N/A"",""N/A"",IF($D4<49,IF(G18>NOOFENDSMAX,IF(G19=TRUE,G18/5,IF(G20=TRUE,G18/3,IF(G21=TRUE,G18/4,""N/A""))),""N/A""),IF(G18<21,""N/A"",IF(AND(G19=TRUE,G18/5>9),G18/5,IF(AND(G20=TRUE,G18/3>9),G18/3,IF(AND(G21=TRUE,G18/4>9),G18/4,""N/A""))))))","==IF(H18=""N/A"",""N/A"",IF($D4<49,IF(H18>NOOFENDSMAX,IF(H19=TRUE,H18/5,IF(H20=TRUE,H18/3,IF(H21=TRUE,H18/4,""N/A""))),""N/A""),IF(H18<21,""N/A"",IF(AND(H19=TRUE,H18/5>9),H18/5,IF(AND(H20=TRUE,H18/3>9),H18/3,IF(AND(H21=TRUE,H18/4>9),H18/4,""N/A""))))))","==IF(I18=""N/A"",""N/A"",IF($D4<49,IF(I18>NOOFENDSMAX,IF(I19=TRUE,I18/5,IF(I20=TRUE,I18/3,IF(I21=TRUE,I18/4,""N/A""))),""N/A""),IF(I18<21,""N/A"",IF(AND(I19=TRUE,I18/5>9),I18/5,IF(AND(I20=TRUE,I18/3>9),I18/3,IF(AND(I21=TRUE,I18/4>9),I18/4,""N/A""))))))","==IF(J18=""N/A"",""N/A"",IF($D4<49,IF(J18>NOOFENDSMAX,IF(J19=TRUE,J18/5,IF(J20=TRUE,J18/3,IF(J21=TRUE,J18/4,""N/A""))),""N/A""),IF(J18<21,""N/A"",IF(AND(J19=TRUE,J18/5>9),J18/5,IF(AND(J20=TRUE,J18/3>9),J18/3,IF(AND(J21=TRUE,J18/4>9),J18/4,""N/A""))))))","==IF(K18=""N/A"",""N/A"",IF($D4<49,IF(K18>NOOFENDSMAX,IF(K19=TRUE,K18/5,IF(K20=TRUE,K18/3,IF(K21=TRUE,K18/4,""N/A""))),""N/A""),IF(K18<21,""N/A"",IF(AND(K19=TRUE,K18/5>9),K18/5,IF(AND(K20=TRUE,K18/3>9),K18/3,IF(AND(K21=TRUE,K18/4>9),K18/4,""N/A""))))))","==IF(L18=""N/A"",""N/A"",IF($D4<49,IF(L18>NOOFENDSMAX,IF(L19=TRUE,L18/5,IF(L20=TRUE,L18/3,IF(L21=TRUE,L18/4,""N/A""))),""N/A""),IF(L18<21,""N/A"",IF(AND(L19=TRUE,L18/5>9),L18/5,IF(AND(L20=TRUE,L18/3>9),L18/3,IF(AND(L21=TRUE,L18/4>9),L18/4,""N/A""))))))","==IF(M18=""N/A"",""N/A"",IF($D4<49,IF(M18>NOOFENDSMAX,IF(M19=TRUE,M18/5,IF(M20=TRUE,M18/3,IF(M21=TRUE,M18/4,""N/A""))),""N/A""),IF(M18<21,""N/A"",IF(AND(M19=TRUE,M18/5>9),M18/5,IF(AND(M20=TRUE,M18/3>9),M18/3,IF(AND(M21=TRUE,M18/4>9),M18/4,""N/A""))))))",,,,n = Number of Strands in bunch,## = AWG Size of individual strands,,,,
Divisible by 5?,"==IF(B22=""N/A"","""",IFERROR(MOD(B22,5)=0,""""))","==IF(C22=""N/A"","""",IFERROR(MOD(C22,5)=0,""""))","==IF(D22=""N/A"","""",IFERROR(MOD(D22,5)=0,""""))","==IF(E22=""N/A"","""",IFERROR(MOD(E22,5)=0,""""))","==IF(F22=""N/A"","""",IFERROR(MOD(F22,5)=0,""""))","==IF(G22=""N/A"","""",IFERROR(MOD(G22,5)=0,""""))","==IF(H22=""N/A"","""",IFERROR(MOD(H22,5)=0,""""))","==IF(I22=""N/A"","""",IFERROR(MOD(I22,5)=0,""""))","==IF(J22=""N/A"","""",IFERROR(MOD(J22,5)=0,""""))","==IF(K22=""N/A"","""",IFERROR(MOD(K22,5)=0,""""))","==IF(L22=""N/A"","""",IFERROR(MOD(L22,5)=0,""""))","==IF(M22=""N/A"","""",IFERROR(MOD(M22,5)=0,""""))",,,,,,,,,
Divisible by 3?,"==IF(B22=""N/A"","""",MOD(B22,3)=0)","==IF(C22=""N/A"","""",MOD(C22,3)=0)","==IF(D22=""N/A"","""",MOD(D22,3)=0)","==IF(E22=""N/A"","""",MOD(E22,3)=0)","==IF(F22=""N/A"","""",MOD(F22,3)=0)","==IF(G22=""N/A"","""",MOD(G22,3)=0)","==IF(H22=""N/A"","""",MOD(H22,3)=0)","==IF(I22=""N/A"","""",MOD(I22,3)=0)","==IF(J22=""N/A"","""",MOD(J22,3)=0)","==IF(K22=""N/A"","""",MOD(K22,3)=0)","==IF(L22=""N/A"","""",MOD(L22,3)=0)","==IF(M22=""N/A"","""",MOD(M22,3)=0)",,,Number of Operations,Default Litz Construction,Single Wire Size,Packing Factor,Take Up Factor,,
Divisible by 4?,"==IF(B22=""N/A"","""",MOD(B22,4)=0)","==IF(C22=""N/A"","""",MOD(C22,4)=0)","==IF(D22=""N/A"","""",MOD(D22,4)=0)","==IF(E22=""N/A"","""",MOD(E22,4)=0)","==IF(F22=""N/A"","""",MOD(F22,4)=0)","==IF(G22=""N/A"","""",MOD(G22,4)=0)","==IF(H22=""N/A"","""",MOD(H22,4)=0)","==IF(I22=""N/A"","""",MOD(I22,4)=0)","==IF(J22=""N/A"","""",MOD(J22,4)=0)","==IF(K22=""N/A"","""",MOD(K22,4)=0)","==IF(L22=""N/A"","""",MOD(L22,4)=0)","==IF(M22=""N/A"","""",MOD(M22,4)=0)",,,1.0,n/##,50 - 20 AWG,1.155,1.01,,
# of strands in 4th to last operation,"==IF(B22=""N/A"",""N/A"",IF($D4<49,IF(B22>NOOFENDSMAX,IF(B23=TRUE,B22/5,IF(B24=TRUE,B22/3,IF(B25=TRUE,B22/4,""N/A""))),""N/A""),IF(B22<21,""N/A"",IF(AND(B23=TRUE,B22/5>9),B22/5,IF(AND(B24=TRUE,B22/3>9),B22/3,IF(AND(B25=TRUE,B22/4>9),B22/4,""N/A""))))))","==IF(C22=""N/A"",""N/A"",IF($D4<49,IF(C22>NOOFENDSMAX,IF(C23=TRUE,C22/5,IF(C24=TRUE,C22/3,IF(C25=TRUE,C22/4,""N/A""))),""N/A""),IF(C22<21,""N/A"",IF(AND(C23=TRUE,C22/5>9),C22/5,IF(AND(C24=TRUE,C22/3>9),C22/3,IF(AND(C25=TRUE,C22/4>9),C22/4,""N/A""))))))","==IF(D22=""N/A"",""N/A"",IF($D4<49,IF(D22>NOOFENDSMAX,IF(D23=TRUE,D22/5,IF(D24=TRUE,D22/3,IF(D25=TRUE,D22/4,""N/A""))),""N/A""),IF(D22<21,""N/A"",IF(AND(D23=TRUE,D22/5>9),D22/5,IF(AND(D24=TRUE,D22/3>9),D22/3,IF(AND(D25=TRUE,D22/4>9),D22/4,""N/A""))))))","==IF(E22=""N/A"",""N/A"",IF($D4<49,IF(E22>NOOFENDSMAX,IF(E23=TRUE,E22/5,IF(E24=TRUE,E22/3,IF(E25=TRUE,E22/4,""N/A""))),""N/A""),IF(E22<21,""N/A"",IF(AND(E23=TRUE,E22/5>9),E22/5,IF(AND(E24=TRUE,E22/3>9),E22/3,IF(AND(E25=TRUE,E22/4>9),E22/4,""N/A""))))))","==IF(F22=""N/A"",""N/A"",IF($D4<49,IF(F22>NOOFENDSMAX,IF(F23=TRUE,F22/5,IF(F24=TRUE,F22/3,IF(F25=TRUE,F22/4,""N/A""))),""N/A""),IF(F22<21,""N/A"",IF(AND(F23=TRUE,F22/5>9),F22/5,IF(AND(F24=TRUE,F22/3>9),F22/3,IF(AND(F25=TRUE,F22/4>9),F22/4,""N/A""))))))","==IF(G22=""N/A"",""N/A"",IF($D4<49,IF(G22>NOOFENDSMAX,IF(G23=TRUE,G22/5,IF(G24=TRUE,G22/3,IF(G25=TRUE,G22/4,""N/A""))),""N/A""),IF(G22<21,""N/A"",IF(AND(G23=TRUE,G22/5>9),G22/5,IF(AND(G24=TRUE,G22/3>9),G22/3,IF(AND(G25=TRUE,G22/4>9),G22/4,""N/A""))))))","==IF(H22=""N/A"",""N/A"",IF($D4<49,IF(H22>NOOFENDSMAX,IF(H23=TRUE,H22/5,IF(H24=TRUE,H22/3,IF(H25=TRUE,H22/4,""N/A""))),""N/A""),IF(H22<21,""N/A"",IF(AND(H23=TRUE,H22/5>9),H22/5,IF(AND(H24=TRUE,H22/3>9),H22/3,IF(AND(H25=TRUE,H22/4>9),H22/4,""N/A""))))))","==IF(I22=""N/A"",""N/A"",IF($D4<49,IF(I22>NOOFENDSMAX,IF(I23=TRUE,I22/5,IF(I24=TRUE,I22/3,IF(I25=TRUE,I22/4,""N/A""))),""N/A""),IF(I22<21,""N/A"",IF(AND(I23=TRUE,I22/5>9),I22/5,IF(AND(I24=TRUE,I22/3>9),I22/3,IF(AND(I25=TRUE,I22/4>9),I22/4,""N/A""))))))","==IF(J22=""N/A"",""N/A"",IF($D4<49,IF(J22>NOOFENDSMAX,IF(J23=TRUE,J22/5,IF(J24=TRUE,J22/3,IF(J25=TRUE,J22/4,""N/A""))),""N/A""),IF(J22<21,""N/A"",IF(AND(J23=TRUE,J22/5>9),J22/5,IF(AND(J24=TRUE,J22/3>9),J22/3,IF(AND(J25=TRUE,J22/4>9),J22/4,""N/A""))))))","==IF(K22=""N/A"",""N/A"",IF($D4<49,IF(K22>NOOFENDSMAX,IF(K23=TRUE,K22/5,IF(K24=TRUE,K22/3,IF(K25=TRUE,K22/4,""N/A""))),""N/A""),IF(K22<21,""N/A"",IF(AND(K23=TRUE,K22/5>9),K22/5,IF(AND(K24=TRUE,K22/3>9),K22/3,IF(AND(K25=TRUE,K22/4>9),K22/4,""N/A""))))))","==IF(L22=""N/A"",""N/A"",IF($D4<49,IF(L22>NOOFENDSMAX,IF(L23=TRUE,L22/5,IF(L24=TRUE,L22/3,IF(L25=TRUE,L22/4,""N/A""))),""N/A""),IF(L22<21,""N/A"",IF(AND(L23=TRUE,L22/5>9),L22/5,IF(AND(L24=TRUE,L22/3>9),L22/3,IF(AND(L25=TRUE,L22/4>9),L22/4,""N/A""))))))","==IF(M22=""N/A"",""N/A"",IF($D4<49,IF(M22>NOOFENDSMAX,IF(M23=TRUE,M22/5,IF(M24=TRUE,M22/3,IF(M25=TRUE,M22/4,""N/A""))),""N/A""),IF(M22<21,""N/A"",IF(AND(M23=TRUE,M22/5>9),M22/5,IF(AND(M24=TRUE,M22/3>9),M22/3,IF(AND(M25=TRUE,M22/4>9),M22/4,""N/A""))))))",,,2.0,n/n/## ,50 - 33 AWG,1.155,1.01,,
Divisible by 5?,"==IF(B26=""N/A"","""",IFERROR(MOD(B26,5)=0,""""))","==IF(C26=""N/A"","""",IFERROR(MOD(C26,5)=0,""""))","==IF(D26=""N/A"","""",IFERROR(MOD(D26,5)=0,""""))","==IF(E26=""N/A"","""",IFERROR(MOD(E26,5)=0,""""))","==IF(F26=""N/A"","""",IFERROR(MOD(F26,5)=0,""""))","==IF(G26=""N/A"","""",IFERROR(MOD(G26,5)=0,""""))","==IF(H26=""N/A"","""",IFERROR(MOD(H26,5)=0,""""))","==IF(I26=""N/A"","""",IFERROR(MOD(I26,5)=0,""""))","==IF(J26=""N/A"","""",IFERROR(MOD(J26,5)=0,""""))","==IF(K26=""N/A"","""",IFERROR(MOD(K26,5)=0,""""))","==IF(L26=""N/A"","""",IFERROR(MOD(L26,5)=0,""""))","==IF(M26=""N/A"","""",IFERROR(MOD(M26,5)=0,""""))",,,3.0,n/n/n/##,50 - 33 AWG,1.155,1.01,,
Divisible by 3?,"==IF(B26=""N/A"","""",MOD(B26,3)=0)","==IF(C26=""N/A"","""",MOD(C26,3)=0)","==IF(D26=""N/A"","""",MOD(D26,3)=0)","==IF(E26=""N/A"","""",MOD(E26,3)=0)","==IF(F26=""N/A"","""",MOD(F26,3)=0)","==IF(G26=""N/A"","""",MOD(G26,3)=0)","==IF(H26=""N/A"","""",MOD(H26,3)=0)","==IF(I26=""N/A"","""",MOD(I26,3)=0)","==IF(J26=""N/A"","""",MOD(J26,3)=0)","==IF(K26=""N/A"","""",MOD(K26,3)=0)","==IF(L26=""N/A"","""",MOD(L26,3)=0)","==IF(M26=""N/A"","""",MOD(M26,3)=0)",,,2.0,5xn/## or 3xn/##,50 - 20 AWG,1.236,1.03,,
Divisible by 4?,"==IF(B26=""N/A"","""",MOD(B26,4)=0)","==IF(C26=""N/A"","""",MOD(C26,4)=0)","==IF(D26=""N/A"","""",MOD(D26,4)=0)","==IF(E26=""N/A"","""",MOD(E26,4)=0)","==IF(F26=""N/A"","""",MOD(F26,4)=0)","==IF(G26=""N/A"","""",MOD(G26,4)=0)","==IF(H26=""N/A"","""",MOD(H26,4)=0)","==IF(I26=""N/A"","""",MOD(I26,4)=0)","==IF(J26=""N/A"","""",MOD(J26,4)=0)","==IF(K26=""N/A"","""",MOD(K26,4)=0)","==IF(L26=""N/A"","""",MOD(L26,4)=0)","==IF(M26=""N/A"","""",MOD(M26,4)=0)",,,3.0,5xn/n/## or 3xn/n/##,50 - 33 AWG,1.236,1.03,,
# of strands in 5th to last operation,"==IF(B26=""N/A"",""N/A"",IF($D4<49,IF(B26>NOOFENDSMAX,IF(B27=TRUE,B26/5,IF(B28=TRUE,B26/3,IF(B29=TRUE,B26/4,""N/A""))),""N/A""),IF(B26<21,""N/A"",IF(AND(B27=TRUE,B26/5>9),B26/5,IF(AND(B28=TRUE,B26/3>9),B26/3,IF(AND(B29=TRUE,B26/4>9),B26/4,""N/A""))))))","==IF(C26=""N/A"",""N/A"",IF($D4<49,IF(C26>NOOFENDSMAX,IF(C27=TRUE,C26/5,IF(C28=TRUE,C26/3,IF(C29=TRUE,C26/4,""N/A""))),""N/A""),IF(C26<21,""N/A"",IF(AND(C27=TRUE,C26/5>9),C26/5,IF(AND(C28=TRUE,C26/3>9),C26/3,IF(AND(C29=TRUE,C26/4>9),C26/4,""N/A""))))))","==IF(D26=""N/A"",""N/A"",IF($D4<49,IF(D26>NOOFENDSMAX,IF(D27=TRUE,D26/5,IF(D28=TRUE,D26/3,IF(D29=TRUE,D26/4,""N/A""))),""N/A""),IF(D26<21,""N/A"",IF(AND(D27=TRUE,D26/5>9),D26/5,IF(AND(D28=TRUE,D26/3>9),D26/3,IF(AND(D29=TRUE,D26/4>9),D26/4,""N/A""))))))","==IF(E26=""N/A"",""N/A"",IF($D4<49,IF(E26>NOOFENDSMAX,IF(E27=TRUE,E26/5,IF(E28=TRUE,E26/3,IF(E29=TRUE,E26/4,""N/A""))),""N/A""),IF(E26<21,""N/A"",IF(AND(E27=TRUE,E26/5>9),E26/5,IF(AND(E28=TRUE,E26/3>9),E26/3,IF(AND(E29=TRUE,E26/4>9),E26/4,""N/A""))))))","==IF(F26=""N/A"",""N/A"",IF($D4<49,IF(F26>NOOFENDSMAX,IF(F27=TRUE,F26/5,IF(F28=TRUE,F26/3,IF(F29=TRUE,F26/4,""N/A""))),""N/A""),IF(F26<21,""N/A"",IF(AND(F27=TRUE,F26/5>9),F26/5,IF(AND(F28=TRUE,F26/3>9),F26/3,IF(AND(F29=TRUE,F26/4>9),F26/4,""N/A""))))))","==IF(G26=""N/A"",""N/A"",IF($D4<49,IF(G26>NOOFENDSMAX,IF(G27=TRUE,G26/5,IF(G28=TRUE,G26/3,IF(G29=TRUE,G26/4,""N/A""))),""N/A""),IF(G26<21,""N/A"",IF(AND(G27=TRUE,G26/5>9),G26/5,IF(AND(G28=TRUE,G26/3>9),G26/3,IF(AND(G29=TRUE,G26/4>9),G26/4,""N/A""))))))","==IF(H26=""N/A"",""N/A"",IF($D4<49,IF(H26>NOOFENDSMAX,IF(H27=TRUE,H26/5,IF(H28=TRUE,H26/3,IF(H29=TRUE,H26/4,""N/A""))),""N/A""),IF(H26<21,""N/A"",IF(AND(H27=TRUE,H26/5>9),H26/5,IF(AND(H28=TRUE,H26/3>9),H26/3,IF(AND(H29=TRUE,H26/4>9),H26/4,""N/A""))))))","==IF(I26=""N/A"",""N/A"",IF($D4<49,IF(I26>NOOFENDSMAX,IF(I27=TRUE,I26/5,IF(I28=TRUE,I26/3,IF(I29=TRUE,I26/4,""N/A""))),""N/A""),IF(I26<21,""N/A"",IF(AND(I27=TRUE,I26/5>9),I26/5,IF(AND(I28=TRUE,I26/3>9),I26/3,IF(AND(I29=TRUE,I26/4>9),I26/4,""N/A""))))))","==IF(J26=""N/A"",""N/A"",IF($D4<49,IF(J26>NOOFENDSMAX,IF(J27=TRUE,J26/5,IF(J28=TRUE,J26/3,IF(J29=TRUE,J26/4,""N/A""))),""N/A""),IF(J26<21,""N/A"",IF(AND(J27=TRUE,J26/5>9),J26/5,IF(AND(J28=TRUE,J26/3>9),J26/3,IF(AND(J29=TRUE,J26/4>9),J26/4,""N/A""))))))","==IF(K26=""N/A"",""N/A"",IF($D4<49,IF(K26>NOOFENDSMAX,IF(K27=TRUE,K26/5,IF(K28=TRUE,K26/3,IF(K29=TRUE,K26/4,""N/A""))),""N/A""),IF(K26<21,""N/A"",IF(AND(K27=TRUE,K26/5>9),K26/5,IF(AND(K28=TRUE,K26/3>9),K26/3,IF(AND(K29=TRUE,K26/4>9),K26/4,""N/A""))))))","==IF(L26=""N/A"",""N/A"",IF($D4<49,IF(L26>NOOFENDSMAX,IF(L27=TRUE,L26/5,IF(L28=TRUE,L26/3,IF(L29=TRUE,L26/4,""N/A""))),""N/A""),IF(L26<21,""N/A"",IF(AND(L27=TRUE,L26/5>9),L26/5,IF(AND(L28=TRUE,L26/3>9),L26/3,IF(AND(L29=TRUE,L26/4>9),L26/4,""N/A""))))))","==IF(M26=""N/A"",""N/A"",IF($D4<49,IF(M26>NOOFENDSMAX,IF(M27=TRUE,M26/5,IF(M28=TRUE,M26/3,IF(M29=TRUE,M26/4,""N/A""))),""N/A""),IF(M26<21,""N/A"",IF(AND(M27=TRUE,M26/5>9),M26/5,IF(AND(M28=TRUE,M26/3>9),M26/3,IF(AND(M29=TRUE,M26/4>9),M26/4,""N/A""))))))",,,4.0,5x5xn/n/## or 5x3xn/n/##,50 - 44 AWG,1.271,1.051,,
# of strands in 1st operation,"==IF(B30=""N/A"",IF(B26=""N/A"",IF(B22=""N/A"",IF(B18=""N/A"",B14,B18),B22),B26),B30)","==IF(C30=""N/A"",IF(C26=""N/A"",IF(C22=""N/A"",IF(C18=""N/A"",C14,C18),C22),C26),C30)","==IF(D30=""N/A"",IF(D26=""N/A"",IF(D22=""N/A"",IF(D18=""N/A"",D14,D18),D22),D26),D30)","==IF(E30=""N/A"",IF(E26=""N/A"",IF(E22=""N/A"",IF(E18=""N/A"",E14,E18),E22),E26),E30)","==IF(F30=""N/A"",IF(F26=""N/A"",IF(F22=""N/A"",IF(F18=""N/A"",F14,F18),F22),F26),F30)","==IF(G30=""N/A"",IF(G26=""N/A"",IF(G22=""N/A"",IF(G18=""N/A"",G14,G18),G22),G26),G30)","==IF(H30=""N/A"",IF(H26=""N/A"",IF(H22=""N/A"",IF(H18=""N/A"",H14,H18),H22),H26),H30)","==IF(I30=""N/A"",IF(I26=""N/A"",IF(I22=""N/A"",IF(I18=""N/A"",I14,I18),I22),I26),I30)","==IF(J30=""N/A"",IF(J26=""N/A"",IF(J22=""N/A"",IF(J18=""N/A"",J14,J18),J22),J26),J30)","==IF(K30=""N/A"",IF(K26=""N/A"",IF(K22=""N/A"",IF(K18=""N/A"",K14,K18),K22),K26),K30)","==IF(L30=""N/A"",IF(L26=""N/A"",IF(L22=""N/A"",IF(L18=""N/A"",L14,L18),L22),L26),L30)","==IF(M30=""N/A"",IF(M26=""N/A"",IF(M22=""N/A"",IF(M18=""N/A"",M14,M18),M22),M26),M30)",,,4.0,,43 - 33 AWG,1.363,1.051,,
Valid # of strands in 1st operation?,"==IF($D4<32,IF(B31<($M10+1),TRUE,FALSE),IF($D4<47,IF(B31<67,TRUE,FALSE),IF($D4<49,IF(B31<25,TRUE,FALSE),IF(OR(B31<10,B31>20),FALSE,TRUE))))","==IF($D4<32,IF(C31<($M10+1),TRUE,FALSE),IF($D4<47,IF(C31<67,TRUE,FALSE),IF($D4<49,IF(C31<25,TRUE,FALSE),IF(OR(C31<10,C31>20),FALSE,TRUE))))","==IF($D4<32,IF(D31<($M10+1),TRUE,FALSE),IF($D4<47,IF(D31<67,TRUE,FALSE),IF($D4<49,IF(D31<25,TRUE,FALSE),IF(OR(D31<10,D31>20),FALSE,TRUE))))","==IF($D4<32,IF(E31<($M10+1),TRUE,FALSE),IF($D4<47,IF(E31<67,TRUE,FALSE),IF($D4<49,IF(E31<25,TRUE,FALSE),IF(OR(E31<10,E31>20),FALSE,TRUE))))","==IF($D4<32,IF(F31<($M10+1),TRUE,FALSE),IF($D4<47,IF(F31<67,TRUE,FALSE),IF($D4<49,IF(F31<25,TRUE,FALSE),IF(OR(F31<10,F31>20),FALSE,TRUE))))","==IF($D4<32,IF(G31<($M10+1),TRUE,FALSE),IF($D4<47,IF(G31<67,TRUE,FALSE),IF($D4<49,IF(G31<25,TRUE,FALSE),IF(OR(G31<10,G31>20),FALSE,TRUE))))","==IF($D4<32,IF(H31<($M10+1),TRUE,FALSE),IF($D4<47,IF(H31<67,TRUE,FALSE),IF($D4<49,IF(H31<25,TRUE,FALSE),IF(OR(H31<10,H31>20),FALSE,TRUE))))","==IF($D4<32,IF(I31<($M10+1),TRUE,FALSE),IF($D4<47,IF(I31<67,TRUE,FALSE),IF($D4<49,IF(I31<25,TRUE,FALSE),IF(OR(I31<10,I31>20),FALSE,TRUE))))","==IF($D4<32,IF(J31<($M10+1),TRUE,FALSE),IF($D4<47,IF(J31<67,TRUE,FALSE),IF($D4<49,IF(J31<25,TRUE,FALSE),IF(OR(J31<10,J31>20),FALSE,TRUE))))","==IF($D4<32,IF(K31<($M10+1),TRUE,FALSE),IF($D4<47,IF(K31<67,TRUE,FALSE),IF($D4<49,IF(K31<25,TRUE,FALSE),IF(OR(K31<10,K31>20),FALSE,TRUE))))","==IF($D4<32,IF(L31<($M10+1),TRUE,FALSE),IF($D4<47,IF(L31<67,TRUE,FALSE),IF($D4<49,IF(L31<25,TRUE,FALSE),IF(OR(L31<10,L31>20),FALSE,TRUE))))","==IF($D4<32,IF(M31<($M10+1),TRUE,FALSE),IF($D4<47,IF(M31<67,TRUE,FALSE),IF($D4<49,IF(M31<25,TRUE,FALSE),IF(OR(M31<10,M31>20),FALSE,TRUE))))",,,5.0,5x5x5xn/n/## or 5x5x3xn/n/##,50 - 33 AWG,1.363,1.082,,
Number of operations,"==IF(B32=FALSE,"""",IF(B30=""N/A"",IF(B26=""N/A"",IF(B22=""N/A"",IF(B18=""N/A"",1,2),3),4),5))","==IF(C32=FALSE,"""",IF(C30=""N/A"",IF(C26=""N/A"",IF(C22=""N/A"",IF(C18=""N/A"",1,2),3),4),5))","==IF(D32=FALSE,"""",IF(D30=""N/A"",IF(D26=""N/A"",IF(D22=""N/A"",IF(D18=""N/A"",1,2),3),4),5))","==IF(E32=FALSE,"""",IF(E30=""N/A"",IF(E26=""N/A"",IF(E22=""N/A"",IF(E18=""N/A"",1,2),3),4),5))","==IF(F32=FALSE,"""",IF(F30=""N/A"",IF(F26=""N/A"",IF(F22=""N/A"",IF(F18=""N/A"",1,2),3),4),5))","==IF(G32=FALSE,"""",IF(G30=""N/A"",IF(G26=""N/A"",IF(G22=""N/A"",IF(G18=""N/A"",1,2),3),4),5))","==IF(H32=FALSE,"""",IF(H30=""N/A"",IF(H26=""N/A"",IF(H22=""N/A"",IF(H18=""N/A"",1,2),3),4),5))","==IF(I32=FALSE,"""",IF(I30=""N/A"",IF(I26=""N/A"",IF(I22=""N/A"",IF(I18=""N/A"",1,2),3),4),5))","==IF(J32=FALSE,"""",IF(J30=""N/A"",IF(J26=""N/A"",IF(J22=""N/A"",IF(J18=""N/A"",1,2),3),4),5))","==IF(K32=FALSE,"""",IF(K30=""N/A"",IF(K26=""N/A"",IF(K22=""N/A"",IF(K18=""N/A"",1,2),3),4),5))","==IF(L32=FALSE,"""",IF(L30=""N/A"",IF(L26=""N/A"",IF(L22=""N/A"",IF(L18=""N/A"",1,2),3),4),5))","==IF(M32=FALSE,"""",IF(M30=""N/A"",IF(M26=""N/A"",IF(M22=""N/A"",IF(M18=""N/A"",1,2),3),4),5))",,,,n = Number of Strands in bunch,## = AWG Size of individual strands,,,,
,"==IF(D4>49,""FOR STRAND SIZES SMALLER THAN 48 AWG, PLEASE CONFIRM FINAL CONSTRUCTION WITH RUBADUE ENGINEERING."",IF(AND(D4<23,D3>8),""CONSULT RUBADUE ENGINEERING."",""""))",,,,,,,,,,,,,,,,,,,,
,Bare and Served Litz Diameters,,,,,,All values are calculated and subject to verification.,,,,,,,,,,,,,,
,Magnet Wire Grade: ,,MW 79-C,,,,Double check that the packing factor used matches up to your desired Litz construction.,,,,,,,,,MW 79-C,79.0,,,,
,Single Film - Bare Litz,,,Strand OD's,,,Single Film - Single Nylon Serve,,,,Single Film - Double Nylon Serve,,,,,MW 80-C,80.0,,,,
,,Inches,mm,Inches,mm,,,Inches,mm,,,Inches,mm,,,MW 77-C,77.0,,,,
,Min,"==IF(H32=FALSE,""ERROR"",IFERROR(ROUND(SQRT($D$3)*E39*$D$7,3),""""))",==C39*25.4,"==IFERROR(INDEX('Magnet Wire'!$F$3:$J$41,MATCH($D$4,'Magnet Wire'!$F$3:$F$41,0),MATCH(""MIN"",'Magnet Wire'!$F$2:$J$2,0)),"""")",==E39*25.4,,Min,"==IF(C39="""","""",ROUND(C39+0.002,3))",==I39*25.4,,Min,"==IF(C39="""","""",ROUND(C39+0.004,3))",==M39*25.4,,,MW 35-C,35.0,,,,
,Nom,"==IF(H32=FALSE,""ERROR"",IFERROR(ROUND(SQRT($D$3)*E40*$D$7,3),""""))",==C40*25.4,"==IFERROR(INDEX('Magnet Wire'!$F$3:$J$41,MATCH($D$4,'Magnet Wire'!$F$3:$F$41,0),MATCH(""NOM"",'Magnet Wire'!$F$2:$J$2,0)),"""")",==E40*25.4,,Nom,"==IF(C40="""","""",ROUND(C40+0.002,3))",==I40*25.4,,Nom,"==IF(C40="""","""",ROUND(C40+0.004,3))",==M40*25.4,,,MW 16-C,16.0,,,,
,Max,"==IF(H32=FALSE,""ERROR"",IFERROR(ROUND(SQRT($D$3)*E41*$D$7,3),""""))",==C41*25.4,"==IFERROR(INDEX('Magnet Wire'!$F$3:$J$41,MATCH($D$4,'Magnet Wire'!$F$3:$F$41,0),MATCH(""MAX"",'Magnet Wire'!$F$2:$J$2,0)),"""")",==E41*25.4,,Max,"==IF(C41="""","""",ROUND(C41+0.003,3))",==I41*25.4,,Max,"==IF(C41="""","""",ROUND(C41+0.006,3))",==M41*25.4,,,MW 82-C,82.0,,,,
,"==""Rubadue Part Number:""&"" RL-""&$D$3&""-""&$D$4&""S""&VLOOKUP($D$36,MagGrade,2,0)&""-XX""",,,,,,"==""Rubadue Part Number:""&"" RL-""&$D$3&""-""&$D$4&""S""&VLOOKUP($D$36,MagGrade,2,0)&""-SN-XX""",,,,"==""Rubadue Part Number:""&"" RL-""&$D$3&""-""&$D$4&""S""&VLOOKUP($D$36,MagGrade,2,0)&""-DN-XX""",,,,,MW 83-C,83.0,,,,
,,,,,,,,,,,,,,,,Other,##,,,,
,Heavy Film - Bare Litz,,,Strand OD's,,,Heavy Film - Single Nylon Serve,,,,Heavy Film - Double Nylon Serve,,,,,,,,,,
,,Inches,mm,Inches,mm,,,Inches,mm,,,Inches,mm,,,,,,,,
,Min,"==IF(H32=FALSE,""ERROR"",IFERROR(ROUND(SQRT($D$3)*E46*$D$7,3),""""))",==C46*25.4,"==IFERROR(INDEX('Magnet Wire'!$K$3:$O$41,MATCH($D$4,'Magnet Wire'!$K$3:$K$41,0),MATCH(""MIN"",'Magnet Wire'!$K$2:$O$2,0)),"""")",==E46*25.4,,Min,"==IF(C46="""","""",ROUND(C46+0.002,3))",==I46*25.4,,Min,"==IF(C46="""","""",ROUND(C46+0.004,3))",==M46*25.4,,,,,,,,
,Nom,"==IF(H32=FALSE,""ERROR"",IFERROR(ROUND(SQRT($D$3)*E47*$D$7,3),""""))",==C47*25.4,"==IFERROR(INDEX('Magnet Wire'!$K$3:$O$41,MATCH($D$4,'Magnet Wire'!$K$3:$K$41,0),MATCH(""NOM"",'Magnet Wire'!$K$2:$O$2,0)),"""")",==E47*25.4,,Nom,"==IF(C47="""","""",ROUND(C47+0.002,3))",==I47*25.4,,Nom,"==IF(C47="""","""",ROUND(C47+0.004,3))",==M47*25.4,,,,,,,,
,Max,"==IF(H32=FALSE,""ERROR"",IFERROR(ROUND(SQRT($D$3)*E48*$D$7,3),""""))",==C48*25.4,"==IFERROR(INDEX('Magnet Wire'!$K$3:$O$41,MATCH($D$4,'Magnet Wire'!$K$3:$K$41,0),MATCH(""MAX"",'Magnet Wire'!$K$2:$O$2,0)),"""")",==E48*25.4,,Max,"==IF(C48="""","""",ROUND(C48+0.003,3))",==I48*25.4,,Max,"==IF(C48="""","""",ROUND(C48+0.006,3))",==M48*25.4,,,,,,,,
,"==""Rubadue Part Number:""&"" RL-""&$D$3&""-""&$D$4&""H""&VLOOKUP($D$36,MagGrade,2,0)&""-XX""",,,,,,"==""Rubadue Part Number:""&"" RL-""&$D$3&""-""&$D$4&""H""&VLOOKUP($D$36,MagGrade,2,0)&""-SN-XX""",,,,"==""Rubadue Part Number:""&"" RL-""&$D$3&""-""&$D$4&""H""&VLOOKUP($D$36,MagGrade,2,0)&""-DN-XX""",,,,,,,,,,
,,,,,,,,,,,,,,,,,,,,,
,Triple Film - Bare Litz,,,Strand OD's,,,Triple Film - Single Nylon Serve,,,,Triple Film - Double Nylon Serve,,,,,,,,,,
,,Inches,mm,Inches,mm,,,Inches,mm,,,Inches,mm,,,,,,,,
,Min,"==IF(H32=FALSE,""ERROR"",IFERROR(ROUND(SQRT($D$3)*E53*$D$7,3),""""))",==C53*25.4,"==IFERROR(INDEX('Magnet Wire'!$P$3:$T$35,MATCH($D$4,'Magnet Wire'!$P$3:$P$35,0),MATCH(""MIN"",'Magnet Wire'!$P$2:$T$2,0)),"""")",==E53*25.4,,Min,"==IF(OR(C53="""",C53=0),"""",ROUND(C53+0.002,3))",==I53*25.4,,Min,"==IF(OR(C53="""",C53=0),"""",ROUND(C53+0.004,3))",==M53*25.4,,,,,,,,
,Nom,"==IF(H32=FALSE,""ERROR"",IFERROR(ROUND(SQRT($D$3)*E54*$D$7,3),""""))",==C54*25.4,"==IFERROR(INDEX('Magnet Wire'!$P$3:$T$35,MATCH($D$4,'Magnet Wire'!$P$3:$P$35,0),MATCH(""NOM"",'Magnet Wire'!$P$2:$T$2,0)),"""")",==E54*25.4,,Nom,"==IF(OR(C54="""",C54=0),"""",ROUND(C54+0.002,3))",==I54*25.4,,Nom,"==IF(OR(C54="""",C54=0),"""",ROUND(C54+0.004,3))",==M54*25.4,,,,,,,,
,Max,"==IF(H32=FALSE,""ERROR"",IFERROR(ROUND(SQRT($D$3)*E55*$D$7,3),""""))",==C55*25.4,"==IFERROR(INDEX('Magnet Wire'!$P$3:$T$35,MATCH($D$4,'Magnet Wire'!$P$3:$P$35,0),MATCH(""MAX"",'Magnet Wire'!$P$2:$T$2,0)),"""")",==E55*25.4,,Max,"==IF(OR(C55="""",C55=0),"""",ROUND(C55+0.003,3))",==I55*25.4,,Max,"==IF(OR(C55="""",C55=0),"""",ROUND(C55+0.006,3))",==M55*25.4,,,,,,,,
,"==""Rubadue Part Number:""&"" RL-""&$D$3&""-""&$D$4&""T""&VLOOKUP($D$36,MagGrade,2,0)&""-XX""",,,,,,"==""Rubadue Part Number:""&"" RL-""&$D$3&""-""&$D$4&""T""&VLOOKUP($D$36,MagGrade,2,0)&""-SN-XX""",,,,"==""Rubadue Part Number:""&"" RL-""&$D$3&""-""&$D$4&""T""&VLOOKUP($D$36,MagGrade,2,0)&""-DN-XX""",,,,,,,,,,
,,,,,,,,,,,,,,,,,,,,,
,Quadruple Film - Bare Litz,,,Strand OD's,,,Quad Film - Single Nylon Serve,,,,Quad Film - Double Nylon Serve,,,,,,,,,,
,,Inches,mm,Inches,mm,,,Inches,mm,,,Inches,mm,,,,,,,,
,Min,"==IF(H32=FALSE,""ERROR"",IFERROR(ROUND(SQRT($D$3)*E60*$D$7,3),""""))",==C60*25.4,"==IFERROR(INDEX('Magnet Wire'!$U$3:$Y$35,MATCH($D$4,'Magnet Wire'!$U$3:$U$35,0),MATCH(""MIN"",'Magnet Wire'!$U$2:$Y$2,0)),"""")",==E60*25.4,,Min,"==IF(OR(C60="""",C60=0),"""",ROUND(C60+0.002,3))",==I60*25.4,,Min,"==IF(OR(C60="""",C60=0),"""",ROUND(C60+0.004,3))",==M60*25.4,,,,,,,,
,Nom,"==IF(H32=FALSE,""ERROR"",IFERROR(ROUND(SQRT($D$3)*E61*$D$7,3),""""))",==C61*25.4,"==IFERROR(INDEX('Magnet Wire'!$U$3:$Y$35,MATCH($D$4,'Magnet Wire'!$U$3:$U$35,0),MATCH(""NOM"",'Magnet Wire'!$U$2:$Y$2,0)),"""")",==E61*25.4,,Nom,"==IF(OR(C61="""",C61=0),"""",ROUND(C61+0.002,3))",==I61*25.4,,Nom,"==IF(OR(C61="""",C61=0),"""",ROUND(C61+0.004,3))",==M61*25.4,,,,,,,,
,Max,"==IF(H32=FALSE,""ERROR"",IFERROR(ROUND(SQRT($D$3)*E62*$D$7,3),""""))",==C62*25.4,"==IFERROR(INDEX('Magnet Wire'!$U$3:$Y$35,MATCH($D$4,'Magnet Wire'!$U$3:$U$35,0),MATCH(""MAX"",'Magnet Wire'!$U$2:$Y$2,0)),"""")",==E62*25.4,,Max,"==IF(OR(C62="""",C62=0),"""",ROUND(C62+0.003,3))",==I62*25.4,,Max,"==IF(OR(C62="""",C62=0),"""",ROUND(C62+0.006,3))",==M62*25.4,,,,,,,,
,"==""Rubadue Part Number:""&"" RL-""&$D$3&""-""&$D$4&""Q""&VLOOKUP($D$36,MagGrade,2,0)&""-XX""",,,,,,"==""Rubadue Part Number:""&"" RL-""&$D$3&""-""&$D$4&""Q""&VLOOKUP($D$36,MagGrade,2,0)&""-SN-XX""",,,,"==""Rubadue Part Number:""&"" RL-""&$D$3&""-""&$D$4&""Q""&VLOOKUP($D$36,MagGrade,2,0)&""-DN-XX""",,,,,,,,,,
,,,,,,,,,,,,,,,,,,,,,
,,,,,,,,,,,,,,,,,,,,,
,Insulated Litz Diameters (Single Build Enamel),,,,,,,,,,,,,,,,,,,,
,Magnet Wire Grade: ,,MW 79-C,,,"==IF(C40>0.2,""THIS PRODUCT WILL NOT CARRY ANY UL APPROVALS. CONDUCTOR DIAMETER EXCEEDS UL MAXIMUM OF 0.200 inches / 5mm."","""")",,,,,,,,,,,,,,,
,Insulation Material: ,,PFA,,"==IF(D68=""ETFE"",""T"",IF(D68=""FEP"",""F"",IF(D68=""PFA"",""P"",""_"")))","==IF(C40>0.2,""MAXIMUM UL CONDUCTOR DIAMETER IS .200 in. / 5.0mm FOR INSULATED WINDING WIRES."",IF(D68=""FEP"","""",IF(D9>12404,""SELECT FEP INSULATION IF UL APPROVALS ARE DESIRED/NECESSARY."","""")))",,,,,,,,,ETFE,,,,,,
,Single Insulated Wire,,,,,All values are calculated and subject to verification.,,,,,,,,,FEP,,,,,,
,Basic Insulation OD's,,,Insulation Wall/Layer,,Double check that the packing factor used matches up to your desired Litz construction.,,,,,,,,,PFA,,,,,,
,,Inches,mm,Inches,mm,,,,,,,,,,,,,,,,
,Min,"==ROUND($C$39+2*E73-IF(C40>0.1,0.002,0.001),3)",==C72*25.4,CONSULT FACTORY,,,,,,,,,,,,,,,,,
,Nom,"==ROUND($C$40+2*E73,3)",==C73*25.4,"==IF(OR(D68=""ETFE"",D68=""PFA""),IF(H73<0.0015,0.0015,H73),IF(AND(D68=""FEP"",D9<1939,H73<0.002),0.002,IF(AND(D68=""FEP"",D9>1938,D9<12405,H73<0.003),0.003,IF(AND(D68=""FEP"",D9>12404,D9<24978,H73<0.01),0.01,IF(AND(D68=""FEP"",D9>24977,H73<0.012),0.012,H73)))))",==E73*25.4,==$C$40*0.06,"==IF(ROUND(G73,3)<G73,ROUND(G73,3)+0.0005,MROUND(G73,0.0005))",,,,,,,,,,,,,,
,Max,"==ROUND($C$41+2*E73+IF(C40>0.1,0.002,0.001),3)",==C74*25.4,CONSULT FACTORY,,"==IF(OR(D73<H73,D73<0.0015,),""CONSULT RUBADUE ENGINEERING TO VERIFY MANUFACTURING CAPABILITY ON THIS WALL THICKNESS."",IF(D9<9.61,""CONSULT RUBADUE ENGINEERING TO VERIFY MANUFACTURING CAPABILITY."",""""))",,,,,,,,,,,,,,,
,"==""Rubadue Part Number: SXXL""&$D$3&""/""&$D$4&F68&""X-""&E73*1000&""(MW""&VLOOKUP($D$36,MagGrade,2,0)&"")""",,,,,"==IF(D9<9.61,""CONSULT PLANT TO CONFIRM MANUFACURING CAPABILITY. THIS PART WILL NOT CARRY UL APPROVALS."",IF(OR(AND(D68=""FEP"",D9<1939,E73<0.002),AND(D68=""FEP"",D9>1938,D9<12405,E73<0.003),AND(D68=""FEP"",D9>12404,D9<24978,E73<0.01),AND(D68=""FEP"",D9>24977,D9<40000,E73<0.012),AND(D68=""ETFE"",E73<0.0015),AND(D68=""FEP"",E73<0.002),AND(D68=""PFA"",OR(AND(D9<187,E73<0.0015),AND(D9>186,D9<770,E73<0.002)))),""INCREASE WALL THICKNESSES IF UL APPROVALS ARE REQUIRED. IF UL APPROVALS ARE NOT REQUIRED, CONSULT THE FACTORY TO CONFIRM MANUFACTURABILITY."",IF(AND(OR(D68=""ETFE"",D68=""PFA""),D9>769),""THIS PART WILL NOT CARRY UL APPROVALS. CONSIDER FEP INSULATION OR SUPPLEMENTAL/REINFORCED INSULATION."","""")))",,,,,,,,,,,,,,,
,,,,,"==IF(D68=""ETFE"",""T"",IF(D68=""FEP"",""F"",IF(D68=""PFA"",""P"",""_"")))",,,,,,,,,,,,,,,,
,Double Insulated Wire,,,,,,,,,,,,,,,,,,,,
,Supplemental Insulation OD's,,,Insulation Wall/Layer,,,,,,,,,,,,,,,,,
,,Inches,mm,Inches,mm,,,,,,,,,,,,,,,,
,Min,"==ROUND($C$39+2*2*E81-IF(C47>0.1,0.002,0.001),3)",==C80*25.4,CONSULT FACTORY,,,,,,,,,,,,,,,,,
,Nom,"==ROUND($C$40+2*2*E81,3)",==C81*25.4,"==IF(D68=""ETFE"",IF(H81<0.001,0.001,H81),IF(D68=""PFA"",IF(H81<0.0015,0.0015,H81),IF(D68=""FEP"",IF(D9<12405,IF(H81<0.002,0.002,H81),IF(D9<24978,IF(H81<0.005,0.005,H81),IF(H81<0.006,0.006,H81))))))",==E81*25.4,==$C$40*0.06,"==IF(ROUND(G81/2,3)<G81/2,ROUND(G81/2,3)+0.0005,IF(MROUND(G81/2,0.0005)<G81/2,ROUND(G81/2,3),MROUND(G81/2,0.0005)))",,,,,,,,,,,,,,
,Max,"==ROUND($C$41+2*2*E81+IF(C47>0.1,0.002,0.001),3)",==C82*25.4,CONSULT FACTORY,,"==IF(D81<H81,""CONSULT RUBADUE ENGINEERING TO VERIFY MANUFACTURING CAPABILITY ON THIS WALL THICKNESS."","""")",,,,,,,,,,,,,,,
,"==""Rubadue Part Number: DXXL""&$D$3&""/""&$D$4&F76&""XX-""&E81*1000&""(MW""&VLOOKUP($D$36,MagGrade,2,0)&"")""",,,,,"==IF(D9<9.61,""CONSULT PLANT TO CONFIRM MANUFACURING CAPABILITY. THIS PART WILL NOT CARRY UL APPROVALS."",IF(OR(AND(D68=""ETFE"",D9<122,E81<0.001),AND(D68=""ETFE"",D9>121,D9<2886,E81<0.0015),AND(D68=""ETFE"",D9>2885,D9<12405,E81<0.003)),""THIS PART WILL NOT CARRY UL APPROVALS. CONSIDER FEP INSULATION OR REINFORCED INSULATION."",IF(AND(D68=""ETFE"",D9>12404),""THIS PART WILL NOT CARRY UL APPROVALS. CONSIDER FEP INSULATION."",IF(AND(D68=""PFA"",D9>1938),""THIS PART WILL NOT CARRY UL APPROVALS. CONSIDER FEP INSULATION OR REINFORCED INSULATION."",IF(OR(AND(D68=""FEP"",D9<12405,E81<0.002),AND(D68=""FEP"",D9>12404,D9<24978,E81<0.005),AND(D68=""FEP"",D9>24977,D9<40000,E81<0.006)),""INCREASE WALL THICKNESS IF UL APPROVAL IS REQUIRED."","""")))))",,,,,,,,,,,,,,,
,,,,,"==IF(D68=""ETFE"",""T"",IF(D68=""FEP"",""F"",IF(D68=""PFA"",""P"",""_"")))",,,,,,,,,,,,,,,,
,Triple Insulated Wire,,,,,,,,,,,,,,,,,,,,
,Reinforced Insulation OD's,,,Insulation Wall/Layer,,,,,,,,,,,,,,,,,
,,Inches,mm,Inches,mm,,,,,,,,,,,,,,,,
,Min,"==ROUND($C$39+2*3*E89-IF(C54>0.1,0.002,0.001),3)",==C88*25.4,CONSULT FACTORY,,,,,,,,,,,,,,,,,
,Nom,"==ROUND($C$40+2*3*E89,3)",==C89*25.4,"==IF(D68=""ETFE"",IF(H89<0.001,0.001,H89),IF(D68=""PFA"",IF(H89<0.0015,0.0015,H89),IF(D68=""FEP"",IF(D9<12405,IF(H89<0.002,0.002,H89),IF(H89<0.004,0.004,H89)))))",==E89*25.4,==$C$40*0.06,"==IF(ROUND(G89/3,3)<G89/3,ROUND(G89/3,3)+0.0005,IF(MROUND(G89/3,0.0005)<G89/3,ROUND(G89/3,3),MROUND(G89/3,0.0005)))",,,,,,,,,,,,,,
,Max,"==ROUND($C$41+2*3*E89+IF(C54>0.1,0.002,0.001),3)",==C90*25.4,CONSULT FACTORY,,"==IF(D89<H89,""CONSULT RUBADUE ENGINEERING TO VERIFY MANUFACTURING CAPABILITY ON THIS WALL THICKNESS."","""")",,,,,,,,,,,,,,,
,"==""Rubadue Part Number: TXXL""&$D$3&""/""&$D$4&F84&""XXX-""&E89*1000&""(MW""&VLOOKUP($D$36,MagGrade,2,0)&"")""",,,,,"==IF(D9<9.61,""CONSULT PLANT TO CONFIRM MANUFACURING CAPABILITY. THIS PART WILL NOT CARRY UL APPROVALS."",IF(AND(D68=""FEP"",D9<12405,E89<0.002),""THIS PART WILL NOT CARRY UL APPROVALS. INCREASE INSULATION WALL THICKNESS TO AT LEAST 0.0020 INCHES."",IF(AND(D68=""FEP"",D9>12404,E89<0.004),""THIS PART WILL NOT CARRY UL APPROVALS. INCREASE INSULATION WALL THICKNESS TO AT LEAST 0.0040 INCHES."",IF(OR(AND(D68=""ETFE"",D9<1241,E89<0.001),AND(D68=""ETFE"",D9>1240,D9<4900,E89<0.0015),AND(D68=""ETFE"",D9>4899,D9<12405,E89<0.002),AND(OR(D68=""PFA"",D68=""ETFE""),D9>12404)),""THIS PART WILL NOT CARRY UL APPROVALS. CONSIDER FEP INSULATION."",""""))))",,,,,,,,,,,,,,,
,,,,,,,,,,,,,,,,,,,,,
